segmento,n_traders,pct_frontera,pct_mal_asignados,silhouette_mean,silhouette_median
todos,3262,0.9196811771919068,0.33721643163703247,0.8207486682030113,0.8808678514096728
