segmento,ari_mean,ari_std,consistencia_mean,consistencia_std,n_iterations
todos,0.8233595238114967,0.17069541280005654,0.9866125076640097,0.011680639282851638,100
